site,latitude,longitude,landuse,vegetation,pH,OrM,SWC,NO3,NH4,CN,N2O,water_table,soil_temp,MAT,MAP,total_bac,total_arc,arc_div,bac_div,fun_div,FGD,AamoA,BamoA,comammox,nirK,nirS,nrfA,nosZI,nosZII,n.damo,nifH,,,,,,
Bashkortostan_drained_fen,55.5476,55.598,peat_extract,sedges,6.755,0.29,0.350716667,0.875504982,-0.595166283,1.107239602,1.267289089,2.106077519,1.250420002,4.2,2.675778342,10.628521,9.403155,2.994822803,6.879354957,1.540751236,1.386849253,7.956205,6.335822,2.893268,9.360852,7.785808,4.101973,7.942312,8.727156,6.132126,8.541885,,,,,,
Bashkortostan_drained_floodplain_1,55.4491,55.4865,hay_field,grasses,4.456666667,0.342222222,0.208544444,1.108437227,1.502058223,NA,1.467953234,1.698970004,1.262978146,4.3,2.699837726,10.846346,9.498981,2.590486877,6.75194162,1.348292102,1.47858154,7.151525,8.527251,5.60229,9.426868,7.706306,4.89312,7.944731,8.867422,5.651963,9.253534,,,,,,
Bashkortostan_drained_floodplain_2,55.4337,55.4497,fen,sedges,3.821111111,0.29,0.417777778,1.006513581,1.060109991,1.060609182,2.190583796,1.698970004,1.167645476,4.3,2.691081492,10.622596,9.663029,2.984251622,6.397527634,1.021282026,0.962905276,6.193637,7.413817,2.398195,9.591754,7.190512,3.800939,7.401433,7.879208,5.832148,8.311522,,,,,,
Bashkortostan_fen,55.4804,55.9943,fen,sedges,6.142222222,0.506666667,0.93,0.077973194,1.663962533,1.245110626,1.174834815,2.297395711,1.301029996,4.1,2.723455672,11.177201,9.931218,2.924863159,6.630993687,0.854432294,1.24027836,5.680865,6.487685,5.911655,9.648186,8.386415,4.500643,8.024545,8.86508,7.485912,9.974377,,,,,,
Borneo_drained_swamp,5.322965,115.6649604,arable,bare_soil,2.168333333,0.784166667,0.384166667,1.1532049,1.692766161,1.462487617,2.43336441,2.155336037,1.461648568,27.1,3.522824455,9.905632,10.2017,2.723294492,4.959595926,1.419933598,1.086037644,7.818659,1,1,8.562758,1,2.44433,7.408579,6.778471,1,8.591241,,,,,,
Borneo_swamp_forest,5.3223,115.6581,forest,tropical_forest,2.303333334,0.793333334,0.61,1.503302565,1.661039287,1.355671711,1.947482737,2.158362492,1.420505837,27.1,3.536558443,10.829548,10.395809,,,,0.98567714,8.111702,1,1,9.345652,5.982041,4.466912,7.663102,7.324105,1,9.476972,,,,,,
Brazil_drained_floodplain,-28.5523,-48.8076,pasture,grasses,5.902222222,0.368333333,0.78625,0.746616903,1.195369139,1.035037824,1.455656815,2.269512944,1.299216655,21.3,3.147676324,11.459809,10.433037,3.389798735,6.680714504,1.085441151,1.356088954,8.039906,6.36598,5.69018,10.141252,9.515707,5.581349,8.365545,9.050491,7.422849,10.435978,,,,,,
Brazil_floodplain,-28.5527,-48.8079,fen,sedges,6.317777778,0.221111111,0.906468889,0.526339277,1.045444686,1.041512299,1.290034611,2.315503864,1.258211452,21.3,3.147676324,11.391046,10.502711,,,,1.389089106,8.660733,5.298518,6.633317,10.097715,9.660777,4.724554,8.161322,8.823158,6.553309,10.453166,,,,,,
California_drained_fen,38.0169,-121.6203,hay_field,sedges,5.736666667,0.27,0.962606483,0.596083702,0.781108836,1.204051756,1.928651847,2.28780173,1.355227961,16.7,2.572871602,10.562601,9.862677,,,,1.549541817,7.676504,8.045376,1,9.413954,8.002502,6.140123,8.121289,8.804311,5.305826,8.623416,,,,,,
California_fen,38.0169,-121.6203,fen,sedges,5.356666667,0.266666667,0.423333333,-0.32330639,0.700991998,1.148265557,1.189490314,2.283301229,1.359202861,16.7,2.572871602,10.613255,10.187877,1.614141025,6.513534134,1.631360218,1.469726035,7.740186,4.671529,7.45077,8.984031,9.716234,6.360172,8.629145,8.20476,6.750607,9.880202,,,,,,
Catalonia_transitional_bog,42.6282,0.7607,pasture,mosses,4.182222222,0.644444444,0.736666667,1.122434336,1.144954546,1.337768714,1.328379603,2.065704172,1.162033078,5.4,2.944482672,11.080336,8.867839,3.50771612,6.32326444,1.651132273,1.260224776,3.660458,4.340834,2.591562,9.200505,7.753798,3.220889,8.241063,8.030692,6.157729,9.88306,,,,,,
Colombia_drained_paramo,6.643138,-75.6655,pasture,grasses,3.941111111,0.725555556,0.747777778,0,1.184186511,1.118449983,1.15896526,2.252853031,1.231016256,11.1,3.369030222,11.38101,10.239976,,,,1.022388393,7.226276,6.035628,5.843379,10.411249,8.368867,5.17371,9.30212,7.796569,8.006134,10.844288,,,,,,
Colombia_paramo,6.6699,-75.6681,bog,grasses,3.455555555,0.456666667,0.803333333,0,1.798005745,1.355986443,1.180794682,2.274927193,1.151267675,9.5,3.398113692,11.401386,10.418049,2.452511315,6.771347563,1.512850606,1.044114202,5.755989,5.686003,6.428799,10.153642,7.913522,5.502089,8.948116,7.61033,6.480854,10.592038,,,,,,
Estonia_drained_floodplain,58.4236,26.5123,hay_field,sedges,6.451111111,0.475555555,0.685555556,1.478101332,0.906454765,1.055024408,1.953034457,2.256343515,0.963787827,5.7,2.783903579,11.360888,10.075175,3.11151326,6.727748084,1.572818073,1.429434682,8.004954,7.477617,6.173727,9.862411,9.01729,4.89004,8.278325,8.167247,6.457185,8.988526,,,,,,
Estonia_floodplain,58.4142,26.4839,fen,sedges,5.18,0.93,0.74,0.788089773,-1.238239167,1.339573576,1.393224116,2.224158832,0.925999266,5.7,2.790988475,11.22906,10.248682,2.130058909,6.140117276,1.687648173,1.034206295,7.809884,7.182612,6.706139,9.832376,8.939777,4.831326,8.88902,9.050008,6.070999,9.928278,,,,,,
Finland_drained_fen,67.99785,24.212788,forest,sedges,3.37,0.833333333,0.672933283,-0.68043131,1.572138127,1.660995816,1.151625182,2.279134394,0.829303773,0.1,2.633468456,11.124275,9.699903,4.148436462,6.309878112,0.760430717,0.412964657,4.893052,6.46668,1,10.309831,4.58493,5.28636,7.043295,7.796113,6.91365,10.024721,,,,,,
Finland_fen,67.997264,24.209086,fen,sedges,3.853333333,0.836666667,0.73502758,-2.102984155,1.691128663,1.284584897,1.167415803,2.301029996,0.784141614,0.1,2.633468456,10.822503,10.274753,3.578292693,7.290170653,1.00994909,0.507148474,4.161093,5.283345,1,9.54637,6.934821,4.026363,7.306822,3.255739,6.242063,9.872794,,,,,,
Florida_restored_wetland_dry,26.46488,-81.7782,fen,bare_soil,7.13,0.076666667,0.23,0.875022658,-0.074000734,0.098286542,1.372543801,1.903089987,1.444044796,23.3,3.116275588,9.625735,8.319922,4.98684923,5.46910081,0.907570769,1.160517579,6.619617,5.312723,3.884365,8.07311,6.750853,4.749589,1,7.658419,4.507978,7.621215,,,,,,
Florida_restored_wetland_wet,26.464938,-81.777874,fen,bare_soil,5.673333333,0.063333333,0.86,-0.755310639,0.961310331,1.129596095,1.503518313,2.297760511,1.354748519,23.3,3.116275588,9.459032,8.566362,3.024749696,7.09054284,1.46350666,1.382455066,5.836818,3.698559,4.820978,7.670377,7.048683,3.562227,6.659045,7.352344,5.518537,8.986671,,,,,,
Florida_swamp_forest_1,26.38,-81.58,forest,tropical_forest,5.403333333,0.659166667,0.625766667,1.861027837,0.56567076,1.183003339,1.497793229,2.102090526,1.306425028,23.3,3.116939647,11.21016,10.071584,3.485154017,7.198916997,1.20889694,1.392170861,7.803055,4.553145,6.171476,9.789882,9.248696,5.159905,8.400834,8.817426,6.625197,9.832434,,,,,,
Florida_swamp_forest_2,26.38,-81.58,forest,tropical_forest,5.426666667,0.394166667,0.719875,0.765364268,-1.697164205,1.191459645,1.201874859,2.352825441,1.321356743,23.3,3.116939647,11.023743,10.165139,,,,1.108406785,7.943859,6.460974,6.089339,9.687761,9.138183,5.596032,8.496535,8.940878,6.995425,9.895374,,,,,,
Florida_tomato_field,26.3793,-81.6018,pasture,bare_soil,5.553333333,0.143333333,0.19,0.904661458,0.111262514,0.134698574,1.305351369,1.903089987,1.30463412,23.3,3.122215878,10.641077,9.044063,,,,1.335451272,7.397491,5.98778,5.641269,9.217979,8.144268,5.082466,8.13976,7.511574,6.534203,9.1222,,,,,,
France_transitional_bog_1,47.32,2.23,bog,sedges,3.226666667,0.748333334,0.848333334,0.565257343,1.275119316,1.393282651,1.186391216,2.302114377,0.994170456,11.6,2.859138297,10.680133,9.667191,3.152112803,6.53217398,1.102304434,0.974896928,6.613089,5.200392,3.171411,9.318431,4.126489,5.700487,7.280119,8.369219,5.417537,9.743264,,,,,,
France_transitional_bog_2,47.32,2.23,bog,sedges,3.328333334,0.681666667,0.893333334,-0.985759562,1.552262523,1.319829116,1.172018809,2.261857386,1.183269844,11.6,2.859138297,11.0752,9.435567,3.537614953,6.761222169,1.229145352,1.258357437,6.946074,6.63621,4.896979,9.458584,7.57339,4.66149,8.099982,8.773889,5.497487,9.831373,,,,,,
French_Pyrenees_fen,42.8032,1.424,fen,sedges,4.646666667,0.723333333,0.91,0.484442208,1.47420169,1.197058128,1.630020851,2.263241435,1.196820744,6.8,3.058426024,11.609926,10.817208,2.734191056,6.167467769,1.301647065,0.75630183,1,7.992024,6.096293,11.071261,8.794295,5.539907,7.405087,8.70261,6.749396,11.149543,,,,,,
Iceland_drained_fen,64.8332,-22.916,pasture,sedges,3.96,0.5,0.83,0.094920115,1.331427297,1.221059444,1.166504118,2.187117663,0.989958062,4.5,3.037824751,9.290698,8.799001,1.093545948,6.786379875,1.693558643,1.257606789,2.260088,3.789017,1,7.483039,5.834275,2.743843,6.483174,4.415972,4.145637,7.486569,,,,,,
Iceland_drained_fen_2,64.28728,-15.462056,pasture,sedges,NA,0.21,0.8,-1.677780705,0.884682104,1.133350014,1.154423973,2.176091259,1.06069784,4.4,3.16790781,10.721089,8.419046,3.21306049,6.492352305,1.258010914,1.076072221,5.550164,5.74383,5.695823,9.219906,7.537126,5.121222,7.800212,9.152385,5.44413,9.506893,,,,,,
Iceland_fen_1,64.34564,-15.492474,fen,sedges,NA,0.38,0.8975,-0.483464626,0.537378283,1.244509145,1.173259131,2.2955671,1.062581984,3.6,3.139564266,10.856376,9.601619,2.59980497,5.413106883,1.636945505,1.084675522,4.860148,5.307614,3.11773,9.523638,8.398717,5.98233,7.691684,7.94841,5.976602,9.838501,,,,,,
Khabarovsk_drained_fen,48.49355,135.396294,pasture,sedges,3.78,0.166666667,0.440633333,-0.248207848,-0.41945515,1.118834567,1.176091259,2,1.494154594,2.2,2.829946696,10.685366,9.296906,2.67271598,6.466817463,1.376512385,0.926542018,7.529041,6.650958,1,10.10735,7.735761,1,8.273299,7.361183,7.527224,9.068493,,,,,,
Khabarovsk_fen,48.497288,135.412626,fen,sedges,3.861694444,0.45881062,0.771342662,0.905853872,1.405965282,1.387537155,1.176091259,2.252339066,1.259320069,2.2,2.828015064,10.764146,9.550633,2.650622623,6.865818531,1.036241743,1.260115535,5.445557,7.777344,1,8.614104,7.315748,4.776727,8.131027,1,5.978238,9.20406,,,,,,
Kyrgyzstan_drained_fen,41.7612,75.3748,pasture,sedges,7.095,0.376666667,0.745,-0.060480747,0.633131663,1.200578609,1.192567453,2.135132651,1.06320822,-1.1,2.492760389,10.874201,9.414764,3.16644092,6.905488541,1.041192741,1.015774947,6.35017,6.720249,6.099818,10.276646,8.922913,5.187304,8.488007,7.416676,6.860314,10.505656,,,,,,
Kyrgyzstan_fen_1,41.9442,75.4276,fen,sedges,5.926666667,0.585,0.935,-0.933053209,0.563876438,1.390474766,1.167021796,2.286680969,1.101517955,-0.9,2.445604203,11.130669,9.746501,3.456311764,6.736748149,0.45745987,0.867042252,2.910258,5.099862,4.848702,9.94525,8.659598,5.507403,7.459746,7.799907,6.705386,10.31175,,,,,,
Kyrgyzstan_fen_2,41.894,75.350298,fen,sedges,6.333333333,0.615,0.921666667,-0.429846388,1.078154616,1.401617702,1.17868924,2.2955671,0.799340549,-2.1,2.664641976,11.292147,10.0153,2.967363907,7.087639073,1.788032685,0.901105911,3.25986,5.631643,3.204934,10.047076,8.881348,5.834437,7.627693,7.849412,7.072888,10.722498,,,,,,
Mexico_chinampa_1,19.29,-99.09,arable,bare_soil,7.068888889,0.092222222,0.445098444,2.192288303,0.556824948,1.152183405,1.585986828,1.637934248,1.265865579,16.7,2.875639937,10.545617,9.543709,2.938356464,7.021414593,1.524228073,1.4301679,7.828619,7.121863,5.966458,9.212714,7.999292,3.872522,7.187288,8.389223,5.854635,8.544568,,,,,,
Mexico_chinampa_2,19.29,-99.09,pasture,grasses,7.498888889,0.147777778,0.620784044,1.966712071,0.56014584,1.133698731,1.730001243,1.698970004,1.163691326,16.7,2.875639937,10.681205,9.782944,3.160541053,6.509893387,0.616569903,1.60562841,8.06691,7.99944,5.897915,9.142656,8.383062,4.984149,7.498882,7.952104,5.073418,8.791414,,,,,,
Mexico_fen,19.2862,-99.093,fen,sedges,7.141111111,0.248888889,0.842500244,0.404339487,1.173276939,1.038339592,1.279742969,2.284054558,1.090689037,16.7,2.875061263,10.966137,9.880738,1.219715432,6.723761044,1.692606424,1.217904675,7.31121,7.257438,7.175419,9.914602,9.35564,5.590322,8.370696,8.891591,6.886929,9.817922,,,,,,
Montana_Bog_1,45.524884,-111.018086,bog,sedges,4.782222222,0.661111111,0.734677778,-0.773256928,1.549873432,1.475293532,1.148602655,2.09806659,1.152288344,4.1,2.627365857,10.853152,8.705527,2.811132349,7.048502803,1.545670191,0.77297911,3.605627,4.133322,1,10.194345,7.883971,5.148571,8.45916,7.69126,6.431758,9.961168,,,,,,
Montana_bog_2,45.582581,-111.661221,pasture,sedges,6.243333333,0.616666667,0.567922222,0.67105965,0.609404668,1.327667932,1.17016389,2.104373288,1.249062407,6.8,2.450249108,10.859746,9.428146,2.95438502,6.640284279,1.398750178,1.14258772,7.214748,6.798024,5.761459,10.31544,9.187128,5.726878,8.02147,8.643783,6.937826,9.905751,,,,,,
Morocco_bog_1,35.2703,-6.0528,bog,mosses,4.256666667,0.09,0.8432629,-1.657577319,0.895017163,1.338098776,1.113274692,2.276461804,1.336459734,17.9,2.851258349,10.167475,8.844121,2.365380148,6.298262364,1.635188949,0.952054204,6.417103,5.415963,3.958688,9.068489,6.5765,5.975623,7.019084,7.795622,6.343801,8.943708,,,,,,
Morocco_bog_2,35.1866,-5.3622,bog,mosses,3.794444444,0.177222222,0.889678656,-1.756961951,1.05940352,1.179317836,1.178593295,2.301029996,1.214843848,15.1,2.897077003,10.467449,8.799028,3.723998024,7.219888882,1.249878304,1.105581277,7.616916,4.77959,4.248223,9.699994,7.513371,5.411846,7.783365,8.320375,6.286978,9.24364,,,,,,
Myanmar_drained_fen_1,20.64389675,96.891379,arable,bare_soil,7.240833334,0.331666667,0.695,1.519499853,0.409228443,1.180654609,2.169953492,2.235528447,1.222716471,22.9,3.01745073,10.5537,9.525068,3.762663729,7.20088229,1.320886722,1.538117485,7.412138,6.78501,5.952266,8.984265,8.44729,4.659128,7.871071,8.530985,4.880961,9.1466,,,,,,
Myanmar_drained_fen_2,20.63281033,96.90526433,pasture,grasses,6.424444444,0.424444444,0.853333333,1.325333187,1.156515499,1.171787903,1.775853071,2.22444673,1.19926748,22.9,3.039810554,11.055692,10.192469,3.886855548,7.277446494,1.547213074,1.520740271,8.373746,7.06484,6.265817,9.836776,8.919094,5.236419,8.50257,9.222433,6.759334,9.635738,,,,,,
Myanmar_fen,20.6238465,96.911733,fen,grasses,6.763333334,0.586666667,0.853333334,0.461648568,1.539598778,1.176489325,1.279324665,2.293362555,1.14973216,22.9,3.051731196,11.623707,10.563723,1.190596806,6.567427928,1.600390161,1.163418337,8.449221,7.119865,6.720854,10.238452,9.593972,6.094062,8.858526,9.640216,6.742522,10.571634,,,,,,
New_Zealand_drained_fen_1,-37.4333,175.55,pasture,sedges,4.236666667,0.563333333,0.24,1.391464412,1.640911874,1.218746633,1.952259537,2.177055287,1.333111263,15.2,3.105510185,10.689556,8.950817,0.366204097,6.02865642,1.449061325,1.564421242,7.996733,7.235453,1,8.774547,7.592268,4.71718,7.311965,8.174363,5.741759,9.408291,,,,,,
New_Zealand_fen_1,-37.4333,175.55,fen,sedges,3.61,0.83,0.796666667,0.089905111,1.252367514,1.727329619,1.204662512,2.218360422,1.181843588,15.2,3.105510185,10.293634,7.340738,2.280914177,6.39714421,1.690322027,0.292563017,1,4.262249,4.938928,8.295307,5.656529,4.465642,5.895118,1,5.610516,9.464638,,,,,,
New_Zealand_fen_2,-46.5356,168.4334,fen,sedges,4.251666667,0.61,0.805,1.139196687,1.866444878,1.336297978,1.253459164,2.24674471,1.158362492,10.7,3.047664195,10.624325,9.196753,3.469120556,6.802880673,1.531419922,1.155760912,6.543577,6.734287,2.897238,9.436334,8.425204,5.081534,7.431093,7.718107,5.594283,9.877093,,,,,,
Pantanal_pasture_1,-16.5054,-56.746,pasture,herbs,4.381666667,0.011666667,0.7,-1.582251592,0.142545884,0.929930839,1.168644777,2.25163822,1.403120521,26.5,3.107888025,9.832619,8.563511,3.717152414,6.766530731,0.951722938,1.032980304,5.903913,1,1,8.445737,6.77071,3.463543,7.011008,7.148872,4.954733,8.754297,,,,,,
Pantanal_pasture_2,-16.512,-56.7493,pasture,herbs,3.926666667,0.033333333,0.9,-1.571325372,1.107023319,1.002030999,1.170555059,2.33243846,1.383815366,26.5,3.108226656,10.089278,9.159864,4.478140962,7.071278018,0.991038873,1.049526878,6.246826,1,1,8.775112,6.967949,3.668454,7.812879,7.407356,5.209401,9.360012,,,,,,
Pantanal_pasture_3,-16.5398,-56.7234,pasture,herbs,3.741666667,0.08,0.9,-1.373317532,1.764983921,1.029754038,1.771587481,2.301029996,1.369525074,26.4,3.113943352,10.367331,9.588135,3.254350885,6.780662284,1.76112844,1.32205608,6.549308,1,1,8.865023,7.613785,5.421555,7.86314,8.311276,4.987997,9.228255,,,,,,
Pantanal_swamp_forest,-16.4833,-56.7463,forest,tropical_forest,3.962513889,0.29440531,0.776941015,0.605237238,1.390498828,1.277106969,1.169821329,2.275067399,1.308228604,26.5,3.112939976,10.513682,9.158103,2.97449211,5.24288776,1.568480335,1.155892871,5.037988,1,1,8.981932,8.06866,4.404953,7.730248,7.933594,5.581703,9.33181,,,,,,
Quebec_drained_bog,45.1189,-74.2039,pasture,herbs,5.01,0.614444445,0.576666667,1.164881355,1.500861326,1.346334208,1.895477796,2.177376155,1.337126341,7.6,2.969881644,10.877344,9.610796,1.782218393,5.461171673,1.671237461,1.437042259,7.427431,7.884666,5.748249,9.515708,7.888425,5.798228,7.96523,8.591691,7.077801,9.424812,,,,,,
Romania_bog_1,47.2591,25.3574,bog,mosses,2.546666667,0.776666667,0.906666667,0.140926842,1.059437188,1.625776946,1.177728836,2.277227081,0.619788758,5.9,2.751279104,10.803271,8.974193,2.023694569,4.632306411,1.45305493,0.778029013,1,4.899909,5.079252,9.092651,2.869455,3.603689,7.507288,1,5.891646,8.785833,,,,,,
Romania_bog_2,47.2591,25.3574,bog,mosses,2.554444445,0.841111111,0.787777778,-0.897337658,0.799417138,1.643315608,1.176669933,2.257678575,1.13812719,5.9,2.751279104,10.122604,8.643585,2.62972923,6.177259597,1.539425043,0.51402474,1,4.841249,2.492089,9.122089,1,3.272752,7.522342,3.425674,5.992034,9.121525,,,,,,
Romania_bog_forest_1,47.2591,25.3574,forest,mosses,3.573333333,0.75,0.956666667,0.916980047,1.81349203,1.30669717,1.18591972,2.267171728,0.527200119,5.9,2.751279104,11.113837,9.876785,2.071545425,5.031897449,1.460383501,0.937830274,4.871169,4.810805,1,9.882486,4.843829,4.846413,8.328029,8.136767,6.748358,10.108271,,,,,,
Romania_bog_forest_2,47.2591,25.3574,forest,mosses,2.887777778,0.716666667,0.773333333,-0.41894839,1.141589116,1.38219914,1.267953537,2.241933676,1.167317335,5.9,2.751279104,11.043232,9.272761,1.943929444,5.371125095,0.811828988,0.725841323,5.789829,5.597471,3.679602,9.772771,2.750114,5.552914,7.997608,7.846654,7.046033,9.819232,,,,,,
Siberia_bog,60.88,68.7,bog,mosses,2.723333334,0.768888889,0.872222222,-0.575844608,-0.893544669,1.827594167,1.168006144,2.284806584,1.287054878,-0.6,2.717670503,9.621695,7.408482,0.873425086,5.837404457,1.49329881,0.414458531,3.424824,3.094485,2.326681,8.325996,2.891521,3.717288,6.504734,1,3.749174,9.341116,,,,,,
Siberia_bog_forest,60.88,68.7,forest,mosses,2.585,0.806666667,0.906666667,-0.814363423,-0.373317534,1.871347901,1.167391188,2.194745534,1.246129126,-0.6,2.717670503,9.844132,7.406118,2.949310613,6.359362595,1.552902526,0.698296242,1.827237,3.463787,1,8.332194,1,2.089362,1,1,4.917569,8.541959,,,,,,
Siberia_fen,60.91,68.75,fen,sedges,4.073333334,0.348333334,0.935,-0.124167343,1.204721245,1.077418774,1.178976947,2.277227081,1.139354259,-0.6,2.713490543,11.014634,9.81542,4.138640372,6.678481544,1.477695817,1.238835195,5.704939,6.137213,5.988418,9.380754,7.926202,4.439329,8.392927,8.597919,7.313902,9.559793,,,,,,
Taiwan_fen,22.2011,120.8514,fen,grasses,4.003333334,0.151666667,1.026027605,0,1.551677658,1.175879243,1.146438135,2.301029996,1.351538642,23.3,3.361538971,11.104748,10.386789,4.600937218,7.074983306,0.923240481,1.429445686,8.113976,5.77891,5.744898,9.507758,8.310391,6.068257,7.805506,8.231253,6.642607,9.872335,,,,,,
Taiwan_recreation,22.2006,120.8509,NA,bare_soil,3.876666667,0.155,0.937074632,0,1.84510838,1.1890099,1.143951116,2.293362555,1.305351369,23.3,3.361538971,10.853789,10.352078,0.150674417,5.348120222,1.53727808,1.376725577,7.010618,5.887911,5.807986,9.015752,8.419794,5.178164,7.873296,8.120074,5.354055,10.237053,,,,,,
Tasmania_blanket_bog,-42.881,146.3799,bog,sedges,2.861111111,0.507777778,0.841091822,-1.287724528,0.404681706,1.531180352,1.178976947,NA,1.231016256,10.2,3.177824972,9.153426,6.875618,1.114113367,6.386556973,1.425748446,0.867597197,1.797169,4.537422,1,7.047548,2.865717,2.746495,5.59639,1,2.622953,8.095412,,,,,,
Tasmania_drained_fen_1,-40.866502,145.0653902,pasture,grasses,4.166666667,0.416666667,0.166666667,1.040338572,0.818005831,1.039174416,1.367542274,2.029383778,1.302475237,13.2,3.005180513,9.69223,8.328044,1.805325335,6.69964146,1.627232891,1.325467603,5.71127,6.758508,1,7.833009,7.092916,3.809563,8.454113,7.110455,5.491808,8.428177,,,,,,
Tasmania_drained_fen_2,-40.9231,144.8703,arable,bare_soil,5.765,0.535,0.22,2.173535895,1.129528774,1.061434807,1.406199424,2.008600172,1.342422681,13.1,2.990338855,10.540681,9.703569,2.859638767,6.958684733,1.684288408,1.248231812,6.955507,8.221713,6.996092,10.16844,8.238935,4.363773,8.272712,8.511656,5.524191,8.398748,,,,,,
Tasmania_fen,-40.9234,144.8726,fen,sedges,5.38,0.156666667,0.930377467,0.78012521,0.413076132,1.186605131,1.203576775,2.26245109,1.301029996,13.1,2.990338855,10.835136,9.939361,1.688127826,5.859416043,1.596585298,1.507586262,7.295973,6.916247,6.029868,9.209386,8.414742,5.44097,8.032979,8.628596,7.096785,9.850918,,,,,,
Tasmania_raised_bog,-42.175597,146.578327,peat_extract,bare_soil,3.656666667,0.708333334,0.875,1.091432457,1.814180981,1.340099351,1.170750511,2.152288344,1.14561071,8.2,3.072065991,10.571301,9.280984,1.476868822,5.863062041,1.058488305,0.967549391,5.738426,5.524976,3.878276,9.520581,5.607448,4.57481,7.064987,3.298834,6.366033,9.756176,,,,,,
Tierra_del_Fuego_bog,-54.74044,-67.87811,bog,mosses,2.97,0.787333333,0.914666667,0.531649195,1.242011073,1.691747285,1.217167979,2.246498581,0.875832657,5.3,2.615950052,9.789063,8.640743,2.585988518,6.103223154,1.252137295,0.467678971,4.598287,4.207372,1,8.607408,2.239481,4.534265,4.948698,5.206151,5.545374,8.785432,,,,,,
Tierra_del_Fuego_fen,-54.74044,-67.87811,fen,grasses,5.250666667,0.770666667,0.87,0.33243846,1.183326797,1.171500248,1.176091259,2.27600199,0.88611455,5.3,2.615950052,11.070307,9.906465,3.166207892,6.792845257,1.527318678,0.635421804,4.679345,5.565386,2.394747,9.884265,8.654804,5.79897,8.403686,7.955479,7.011312,10.068085,,,,,,
Uganda_drained_fen_1,-1.342,30.0253,arable,bare_soil,5.126666667,0.693333333,0.663333333,2.15909575,0.716559775,1.179409534,2.680548528,2.22184875,1.267953537,18.3,2.948412966,11.277106,10.650594,2.962466533,6.693364737,1.523372539,1.541605619,8.402301,6.411385,5.156493,9.399877,8.538125,5.586593,8.316257,8.870268,6.618405,10.074996,,,,,,
Uganda_drained_fen_2,-1.2308475,29.960741,pasture,sedges,4.564166667,0.630833334,0.67,1.709602058,1.289161433,1.116658817,2.331751125,2.203214259,1.243864489,17.9,2.980684974,11.38191,10.431403,3.36147317,6.284852047,1.34468177,1.483562861,8.183796,6.962741,5.854164,9.870232,8.832117,5.689991,8.610017,9.118002,6.676915,10.022104,,,,,,
Uganda_fen,-1.342,30.0253,pasture,sedges,3.923333334,0.33,0.755,0.751920318,1.436957331,1.117127237,1.466645228,2.237208505,1.233841864,18.3,2.948412966,11.220848,10.278495,3.183229472,5.941421415,1.204976747,1.371560198,8.445911,5.933444,5.01736,9.617163,7.708861,5.237237,8.790013,8.38203,6.609492,10.121144,,,,,,
Uganda_rice_paddy,0.933862667,34.028472,arable,bare_soil,4.721666667,0.09,0.923333333,-1.112570259,1.726322331,1.077320318,2.754124632,2.307139328,1.386498966,22.6,3.104487111,10.523195,8.801142,3.115687606,5.966185896,1.312984384,1.070657034,6.910633,5.650518,5.597873,9.603051,8.358446,4.901676,7.865944,7.878195,5.425498,9.279031,,,,,,
Wales_blanket_bog,52.9997,-3.8036,bog,mosses,2.953333334,0.815,0.928333334,-0.023038984,0.704436519,1.434452574,1.176091259,2.298853076,0.965358514,7.6,3.174350597,11.684866,10.221133,2.822927413,5.59523877,1.722079927,0.437559243,8.056987,6.002227,5.901908,10.019823,6.456262,6.490926,8.408206,7.447277,6.283224,10.719136,,,,,,
Wales_drained_bog,52.9692,-3.8167,bog,mosses,2.836666667,0.835,0.87,-0.169625217,0.269901923,1.451345925,1.176091259,2.275311355,0.957447649,7.6,3.176380692,11.67091,10.569036,2.504098958,5.771491974,1.608344469,0.007407952,7.714169,6.704582,5.720568,10.388977,6.861784,6.087089,7.81275,8.090763,6.362645,10.97431,,,,,,
Wales_fen,53.0001,-3.775,pasture,sedges,3.888333334,0.815,0.885,-0.585026652,1.223149683,1.378792399,1.176091259,2.260071388,1.002885688,7.9,3.111934276,10.844631,10.813014,,,,1.145843156,7.131469,5.825698,3.013002,10.223534,7.203541,6.316848,9.074877,7.911208,7.083673,10.593564,,,,,,
,,,,,,,,,,,,,,,,,,,,,,,,,,,,,,,,,,,,,
,,,,,,,,,,,,,,,,,,,,,,,,,,,,,,,,,,,,,
,,,,,,,,,,,,,,,,,,,,,,,,,,,,,,,,,,,,,
,,,,,,,,,,,,,,,,,,,,,,,,,,,,,,,,,,,,,
,,,,,,,,,,,,,,,,,,,,,,,,,,,,,,,,,,,,,
,,,,,,,,,,,,,,,,,,,,,,,,,,,,,,,,,,,,,
,,,,,,,,,,,,,,,,,,,,,,,,,,,,,,,,,,,,,
,,,,,,,,,,,,,,,,,,,,,,,,,,,,,,,,,,,,,
,,,,,,,,,,,,,,,,,,,,,,,,,,,,,,,,,,,,,
,,,,,,,,,,,,,,,,,,,,,,,,,,,,,,,,,,,,,
