Y,Bacteria;Acidobacteria,Bacteria;Proteobacteria;Alphaproteobacteria,Bacteria;Actinobacteria,Bacteria;Proteobacteria;Deltaproteobacteria,Bacteria;Chloroflexi,Bacteria;Proteobacteria;Betaproteobacteria,Bacteria;Proteobacteria;Gammaproteobacteria,Bacteria;Planctomycetes,Bacteria;Verrucomicrobia,Bacteria;Bacteroidetes,Archaea;Euryarchaeota,Bacteria;Nitrospirae,Bacteria;Firmicutes,Bacteria;Gemmatimonadetes,Bacteria;Parcubacteria,Bacteria;Spirochaetae,Bacteria;Ignavibacteriae,Eukaryota;Ascomycota,Bacteria;Microgenomates,Bacteria;Chlamydiae,Archaea;Bathyarchaeota,Archaea;Thaumarchaeota,Bacteria;Latescibacteria,Bacteria;Saccharibacteria,Eukaryota;Basidiomycota,latitude,longitude,pH,VPG,OrM,SWC,P,K,Ca,Mg,NO3,NH4,N,C,CN,water_table,Temperature_20,MAT,MAP
Bashkortostan_drained_fen,0.347609836,0.308061843,0.36702757,0.288241975,0.364858405,0.325057494,0.211810952,0.182751231,0.120513201,0.198334928,0.026562978,0.128082043,0.086754324,0.195347786,0.102877973,0.061821967,0.071932885,0.071523008,0.075131448,0.04788709,0.064155688,0.064155688,0.105418552,0.062295706,0.026562978,55.5476,55.598,6.755,5,0.29,0.350716667,1.504130906,1.941080568,4.239001086,3.129822502,0.875504982,-0.595166283,0.097488687,1.216737545,1.107239602,2.106077519,1.225739916,4.2,2.675778342
Bashkortostan_drained_floodplain_1,0.39531744,0.385392203,0.38677107,0.263856501,0.281324545,0.274406105,0.218752905,0.169724309,0.171285424,0.161875615,0.089360677,0.089029097,0.119889929,0.186970594,0.054383176,0.03076377,0.028776872,0.081029108,0.055990907,0.068789881,0.065259812,0.015381885,0.063885767,0.097283583,0.020348321,55.4491,55.4865,4.456666667,5,0.342222222,0.208544444,1.650954758,2.459924976,3.624783841,2.851936107,1.108437227,1.502058223,NA,1.252610341,NA,1.698970004,1.214254974,4.3,2.699837726
Bashkortostan_drained_floodplain_2,0.305733986,0.357187365,0.372249947,0.225832522,0.316797686,0.304659346,0.202071918,0.124815377,0.132464096,0.199211302,0.115252087,0.061414399,0.139106458,0.216186574,0.148789805,0.05122315,0.087792056,0.05122315,0.070140187,0.047914869,0.104034709,0.012805787,0.028634611,0.147683546,0.078940176,55.4337,55.4497,3.821111111,5,0.29,0.417777778,1.209515015,2.221167821,3.558397868,2.955094713,1.006513581,1.060109991,0.152288344,1.212897526,1.060609182,1.698970004,1.126023118,4.3,2.691081492
Bashkortostan_fen,0.203372043,0.274175736,0.247761185,0.30647497,0.371978398,0.325724115,0.231031249,0.201373954,0.130614374,0.281863425,0.057213508,0.072635578,0.135959554,0.094113739,0.133674356,0.104395632,0.124886824,0.027049915,0.145271155,0.051920412,0.067124651,0.021497093,0.080912118,0.071297791,0.013876314,55.4804,55.9943,6.142222222,1,0.506666667,0.93,2.335085521,2.618003909,3.95185161,3.241578852,0.077973194,1.663962533,0.200485698,1.452144363,1.245110626,2.297395711,1.272615061,4.1,2.723455672
Borneo_drained_swamp,0.423406869,0.420867252,0.388028109,0.13762211,0.046943505,0.063170171,0.183604308,0.148448398,0.133893008,0.046943505,0.403970762,0.015434929,0.17699766,0.029889612,0.03274243,0.007717465,0.007717465,0.048195552,0.021828287,0.057752218,0.010914143,0.29204257,0,0.059278971,0.021828287,5.322965,115.6649604,2.168333333,4.75,0.784166667,0.384166667,1.050347528,1.56019566,2.341154138,2.21163217,1.1532049,1.692766161,0.142493751,1.603748643,1.462487617,2.155336037,1.472512669,27.14166667,3.522824455
Borneo_swamp_forest,0.518673859,0.39839326,0.36970481,0.168351879,0.033135285,0.09640669,0.228676457,0.162643367,0.153932551,0.056720722,0.37015346,0.010106167,0.143546711,0.047670695,0.039465844,0.030318501,0,0.09876161,0.020834397,0.055813132,0.011299038,0.196356351,0.007146139,0.046035782,0.051778698,5.3223,115.6581,2.303333334,5,0.793333334,0.61,2.019735774,2.357780848,2.235275877,2.587645498,1.503302565,1.661039287,0.266976056,1.616134036,1.355671711,2.158362492,1.424200817,27.1,3.536558443
Brazil_drained_floodplain,0.34912144,0.364079634,0.229151785,0.434696777,0.29787802,0.258495613,0.251480858,0.208880398,0.120949778,0.11719432,0.065908555,0.232060446,0.107231798,0.101414551,0.089001675,0.075824331,0.095242658,0.073253264,0.057078483,0.052410893,0.083061394,0.046604386,0.120420455,0.036626632,0.015985173,-28.5523,-48.8076,5.902222222,4,0.368333333,0.78625,1.852954151,2.341771848,3.75694657,2.829071372,0.746616903,1.195369139,0.282924073,1.31692507,1.035037824,2.269512944,1.312106803,21.3,3.147676324
Brazil_floodplain,0.249535651,0.385697921,0.307299511,0.445712681,0.289507224,0.227265229,0.2513879,0.208578893,0.095247913,0.151623516,0.051772699,0.225671963,0.126409578,0.123522192,0.07251022,0.066580701,0.089672945,0.030460385,0.06421613,0.066580701,0.0497416,0.061761096,0.108883746,0.014359163,0.014359163,-28.5527,-48.8079,6.317777778,1,0.221111111,0.906468889,1.42258984,2.527204419,3.452467949,3.323917073,0.526339277,1.045444686,0.06279083,1.104145551,1.041512299,2.315503864,1.281033367,21.3,3.147676324
California_drained_fen,0.333586767,0.373157381,0.354668639,0.31574636,0.319064277,0.233763659,0.223004189,0.195909492,0.141040233,0.168624895,0.057239729,0.127991926,0.130705837,0.230994148,0.071753798,0.061191845,0.110315167,0.050737597,0.076489806,0.083790384,0.059248749,0.055157583,0.107630697,0.067553967,0.018736099,38.0169,-121.6203,5.736666667,3,0.27,0.962606483,1.752739694,2.494465356,3.884834998,3.320859135,0.596083702,0.781108836,0.025715384,1.22976714,1.204051756,2.28780173,1.347492642,16.7,2.572871602
California_fen,0.36561237,0.250456026,0.220257354,0.339919288,0.325614863,0.374075107,0.208078874,0.195475691,0.196473872,0.17911275,0.061497569,0.238452672,0.061497569,0.137037742,0.12561793,0.089191582,0.103410794,0.025535476,0.055945424,0.04708509,0.048450158,0.082349434,0.116459687,0.039559389,0,38.0169,-121.6203,5.356666667,3,0.266666667,0.423333333,1.901875886,2.302489665,3.64761766,3.192316505,-0.32330639,0.700991998,0.086359831,1.234625388,1.148265557,2.283301229,1.350893809,16.7,2.572871602
Catalonia_transitional_bog,0.509114255,0.418230066,0.318467274,0.196542012,0.129960117,0.186052102,0.198868034,0.226762882,0.224725771,0.159430424,0,0.020446521,0.09189568,0.041902898,0.117456318,0.018287924,0.012931515,0.235268295,0.05172606,0.084303164,0.009143962,0.024192649,0.020446521,0.073151696,0.049241742,42.6282,0.7607,4.182222222,4,0.644444444,0.736666667,2.003790723,2.624488362,3.495276,2.216215768,1.122434336,1.144954546,0.205925784,1.52026513,1.337768714,2.065704172,1.142667504,5.4,2.944482672
Colombia_drained_paramo,0.521280856,0.369817353,0.197136442,0.312526509,0.280364862,0.217152091,0.110753881,0.244000189,0.228554983,0.11842393,0.116471753,0.137811237,0.135856369,0.058317841,0.101763277,0.140284617,0.123478938,0.049065554,0.064538622,0.075203369,0.079164115,0.024726715,0.041926186,0.023129724,0.016355185,6.643138,-75.6655,3.941111111,4.888888889,0.725555556,0.747777778,0.745681893,2.230752538,2.164121435,1.777297909,0,1.184186511,0.325196279,1.443905911,1.118449983,2.252853031,1.215431925,11.1,3.369030222
Colombia_paramo,0.522292141,0.418631509,0.211212304,0.250202575,0.178904148,0.200673517,0.215501939,0.254040102,0.229031473,0.110860959,0.126710874,0.068986704,0.150483418,0.047970146,0.068224396,0.104548509,0.069740679,0.086781259,0.046867236,0.093174859,0.065884574,0.051645179,0.01771415,0.026074523,0.033140141,6.6699,-75.6681,3.455555555,1,0.456666667,0.803333333,1.763427993,2.61942032,2.343496122,1.905135995,0,1.798005745,0.235808908,1.593224513,1.355986443,2.274927193,1.121669252,9.5,3.398113692
Estonia_drained_floodplain,0.372914692,0.306869903,0.497203815,0.292742464,0.255947192,0.293464989,0.156283969,0.215848159,0.150766314,0.134954147,0,0.207850988,0.088917121,0.126865579,0.079707215,0.016803756,0.041160629,0.020580314,0.0475282,0.044458561,0.01188205,0.063986798,0.095056401,0.042841341,0.020580314,58.4236,26.5123,6.451111111,5,0.475555555,0.685555556,1.68944699,2.284631228,3.984247194,2.84118352,1.478101332,0.906454765,0.37880152,1.424573131,1.055024408,2.256343515,0.962737538,5.7,2.783903579
Estonia_floodplain,0.334479521,0.370442825,0.330612576,0.337894757,0.293526494,0.300637698,0.223123612,0.196646824,0.180066632,0.18285068,0.102328902,0.150928664,0.126057573,0.099137458,0.093903441,0.083551199,0.085184276,0.0977378,0.074237188,0.064291291,0.080185328,0.038335919,0.076671838,0.04695172,0.01659994,58.4142,26.4839,5.18,4.777777778,0.93,0.74,1.779892974,2.314447765,3.728985597,2.850102091,0.788089773,-1.238239167,0.40936947,1.749650444,1.339573576,2.224158832,0.916161396,5.7,2.790988475
Finland_drained_fen,0.458224582,0.362774679,0.296722955,0.220034669,0.178070443,0.177950839,0.235188162,0.183874343,0.257927549,0.149469513,0.075537617,0.089789266,0.0901836,0.034734393,0.127872305,0.115077674,0.090497829,0.249678657,0.058365455,0.086405846,0.039333582,0.043774091,0.022288676,0.089551833,0.09924988,67.99785,24.212788,3.37,1,0.833333333,0.672933283,2.00434765,2.601563285,3.419927308,3.060842371,-0.68043131,1.572138127,0.045279504,1.656450823,1.660995816,2.279134394,0.805614118,0.1,2.633468456
Finland_fen,0.241354378,0.171771772,0.169323593,0.367046887,0.403436827,0.176135849,0.122498245,0.21554545,0.199511017,0.243598127,0.238665843,0.096237219,0.123424327,0.040556382,0.150239783,0.163546033,0.132520253,0.042979757,0.116026806,0.052034862,0.140671429,0.066735798,0.07461289,0.034851634,0.02134218,67.997264,24.209086,3.853333333,1,0.836666667,0.73502758,0.401591986,1.814143968,3.223890915,2.632639475,-2.102984155,1.691128663,0.374442828,1.658617247,1.284584897,2.301029996,0.767155866,0.1,2.633468456
Florida_restored_wetland_dry,0.282768113,0.320863813,0.296605266,0.291945316,0.38811456,0.2740538,0.173083234,0.290496447,0.104739983,0.146693515,0.122388329,0.104739983,0.150245931,0.13152786,0.099577165,0.035578403,0.048173386,0.029049645,0.091863042,0.063312233,0.020541201,0.09524563,0.075473191,0.058099289,0.02515773,26.46488,-81.7782,7.13,10,0.076666667,0.23,1.036229544,1.307923704,2.696763986,1.81738906,0.875022658,-0.074000734,0.322219295,0.420505837,0.098286542,1.903089987,1.409369471,23.3,3.116275588
Florida_restored_wetland_wet,0.215951548,0.277770405,0.161156954,0.346410162,0.294338362,0.340615557,0.233254331,0.202823669,0.14956493,0.183178881,0.211068148,0.17251966,0.153937268,0.094392545,0.127684445,0.116016015,0.098327242,0.030787454,0.071543577,0.109284619,0.075413552,0.033725966,0.087080069,0.041305703,0.030787454,26.464938,-81.777874,5.673333333,10,0.063333333,0.86,-0.744727495,1.050766311,2.368082244,1.3468092,-0.755310639,0.961310331,-0.907747344,0.22184875,1.129596095,2.297760511,1.341104639,23.3,3.116275588
Florida_swamp_forest_1,0.354227836,0.394313093,0.4119068,0.303642193,0.278331871,0.251563577,0.198191496,0.237048592,0.145864991,0.132127664,0.119098267,0.127932061,0.090461628,0.099095748,0.101811203,0.046714184,0.066063832,0.033031916,0.07746671,0.096303757,0.057212957,0.04045567,0.057212957,0.084215192,0.052228045,26.38,-81.58,5.403333333,4.666666667,0.659166667,0.625766667,1.730869718,2.397705426,3.885415032,2.779842906,1.861027837,0.56567076,0.366422957,1.564666064,1.183003339,2.102090526,1.303196057,23.3,3.116939647
Florida_swamp_forest_2,0.363628847,0.368597575,0.30522263,0.32937143,0.278463948,0.279320458,0.198113183,0.224300103,0.163341319,0.146247766,0.114541234,0.189775781,0.075958709,0.146247766,0.110790107,0.104999777,0.095081342,0.03687471,0.056218205,0.069119315,0.097937272,0.0669588,0.09488789,0.057829368,0.018186495,26.38,-81.58,5.426666667,3.5,0.394166667,0.719875,1.894334527,2.202821947,3.732130288,2.605821115,0.765364268,-1.697164205,0.157859545,1.379335739,1.191459645,2.352825441,1.320146286,23.3,3.116939647
Florida_tomato_field,0.334225794,0.398388173,0.46925111,0.260610406,0.19327385,0.235765443,0.233480102,0.257852546,0.172247925,0.176855666,0.100933976,0.104415476,0.13699181,0.100044673,0.040107095,0.013369032,0.018906666,0.077954181,0.048202729,0.062706317,0.013369032,0.044340062,0.023155842,0.075626664,0.029894064,26.3793,-81.6018,5.553333333,10,0.143333333,0.19,0.856124444,2.008245211,3.192441068,2.088466854,0.904661458,0.111262514,0.678214783,0.812913357,0.134698574,1.903089987,1.284806584,23.3,3.122215878
France_transitional_bog_1,0.500581508,0.433292552,0.284047003,0.21931553,0.048242985,0.173942555,0.160003879,0.286765218,0.213943722,0.114841274,0.062281425,0.073692376,0.162410087,0,0.092378283,0.0557062,0.039390232,0.20467765,0.039390232,0.124562851,0.048242985,0.078780464,0,0.078780464,0.0557062,47.32,2.23,3.226666667,2,0.748333334,0.848333334,1.847500682,2.712531854,2.629903761,2.1831844,0.565257343,1.275119316,0.226170123,1.619788758,1.393282651,2.302114377,0.970811611,11.6,2.859138297
France_transitional_bog_2,0.54960392,0.414339147,0.26880556,0.267116004,0.08721204,0.15343466,0.155777309,0.292053391,0.237318718,0.080742659,0.061668225,0.117316364,0.108494688,0.04037133,0.079613336,0.050351895,0.038062455,0.14177945,0.023308398,0.107656879,0.058658182,0.090273037,0,0.057093682,0.044632184,47.32,2.23,3.328333334,2,0.681666667,0.893333334,1.688790475,2.529951947,2.652455861,2.136937132,-0.985759562,1.552262523,0.2596735,1.577568388,1.319829116,2.261857386,1.176091259,11.6,2.859138297
French_Pyrenees_fen,0.436479756,0.401863187,0.206699559,0.288849613,0.232690425,0.313175241,0.239518977,0.211835735,0.217468982,0.165148263,0.096283204,0.161861401,0.106864991,0.020076436,0.108114916,0.127502493,0.059103427,0.063487265,0.081961707,0.095582954,0.063487265,0.030667262,0.049177024,0.049177024,0.023182271,42.8032,1.424,4.646666667,3,0.723333333,0.91,1.876140831,2.383396423,3.672734972,2.460226096,0.484442208,1.47420169,0.412180448,1.609238576,1.197058128,2.263241435,1.154322514,6.8,3.058426024
Iceland_drained_fen,0.47168557,0.303709048,0.261503774,0.29223409,0.320027034,0.282268618,0.191252734,0.15289821,0.232532249,0.126737291,0.06907237,0.226644401,0.057790091,0.099297789,0.121614458,0.079757903,0.1106596,0.048841542,0.087370406,0.063054159,0.076708695,0.056397354,0.048841542,0.080748723,0.035668819,64.8332,-22.916,3.96,1.571428571,0.5,0.83,0.332726932,2.437664511,2.876176587,2.650113164,0.094920115,1.331427297,0.22160051,1.447313109,1.221059444,2.187117663,0.969815141,4.5,3.037824751
Iceland_drained_fen_2,0.364331998,0.320349885,0.418865601,0.264109156,0.258972562,0.319094784,0.16090851,0.200059311,0.180046597,0.20984892,0.019591758,0.085398492,0.115906402,0.142874589,0.107145765,0.020462924,0.022878244,0.044987417,0.07234736,0.090939222,0,0.008353954,0.041349961,0.081209711,0.031257632,64.28728,-15.462056,NA,NA,0.21,0.8,0.827046017,NA,NA,NA,-1.677780705,0.884682104,-0.30980392,0.834102656,1.133350014,2.176091259,1.039414119,4.4,3.16790781
Iceland_fen_1,0.350314665,0.293533251,0.31221069,0.291946963,0.341898567,0.328292688,0.144556759,0.135512835,0.215492493,0.222338284,0.084465461,0.192632801,0.093027796,0.085951771,0.149721119,0.069676243,0.116771555,0.053970985,0.123620384,0.049482291,0.062994079,0.012994686,0.059549133,0.076877601,0.030475241,64.34564,-15.492474,NA,10,0.38,0.8975,-0.057991947,NA,NA,NA,-0.483464626,0.537378283,0.067256889,1.321857232,1.244509145,2.2955671,1.057856209,3.6,3.139564266
Khabarovsk_drained_fen,0.479053625,0.319234754,0.376649047,0.188452592,0.417712449,0.108507091,0.128086296,0.194500732,0.299584735,0.079808688,0.036757183,0.060557788,0.169584571,0.133978366,0.081008886,0.013892909,0,0.04812645,0.036757183,0.034030539,0.027785819,0.081008886,0,0.027785819,0.034030539,48.49355,135.396294,3.78,10,0.166666667,0.440633333,1.197739886,2.191702464,2.72946178,2.198088651,-0.248207848,-0.41945515,-0.264933651,0.853900916,1.118834567,2,1.278753601,2.2,2.829946696
Khabarovsk_fen,0.413000339,0.302039849,0.25819889,0.298222446,0.349107604,0.27937837,0.156263202,0.158988929,0.208312745,0.221636655,0.140837859,0.155574309,0.113215541,0.103293422,0.158311897,0.107038378,0.109681699,0.064998829,0.101545522,0.038778337,0.083342284,0.014656834,0.068223848,0.05484085,0.035901764,48.497288,135.412626,3.861694444,4.021978022,0.45881062,0.771342662,1.699405528,2.435696065,3.282371887,2.595728494,0.905853872,1.405965282,0.03200731,1.419544465,1.387537155,2.252339066,1.243067345,2.2,2.828015064
Kyrgyzstan_drained_fen,0.366688737,0.415584653,0.32735462,0.319878886,0.280426631,0.335271605,0.197132339,0.187329087,0.156356603,0.186784525,0.023669656,0.133705467,0.105129712,0.117700975,0.126058723,0.033473949,0.068452533,0.033473949,0.074850025,0.043410668,0.02141001,0.022568132,0.060134649,0.064625294,0.015958079,41.7612,75.3748,7.095,5,0.376666667,0.745,1.871358849,2.324347629,3.83907562,2.775184317,-0.060480747,0.633131663,0.16879202,1.36601805,1.200578609,2.135132651,0.823908741,-1.1,2.492760389
Kyrgyzstan_fen_1,0.281572539,0.281893368,0.360667563,0.293341566,0.330397866,0.396416206,0.219521433,0.162777656,0.183439694,0.227437244,0.047671898,0.117762835,0.097883179,0.084578698,0.112491355,0.054020715,0.105624091,0.08961925,0.094527715,0.041596665,0.052812045,0.008802008,0.091895657,0.084578698,0.008802008,41.9442,75.4276,5.926666667,4,0.585,0.935,1.429025157,2.597967448,3.906150005,2.854386009,-0.933053209,0.563876438,0.141449773,1.518557806,1.390474766,2.286680969,0.846130845,-0.9,2.445604203
Kyrgyzstan_fen_2,0.261259932,0.253491923,0.342786567,0.309331092,0.348368951,0.326433917,0.226761007,0.194811694,0.198203082,0.272303913,0.133222215,0.075844364,0.143611776,0.064334273,0.091367106,0.094015977,0.136345034,0.008375609,0.087041881,0.041878044,0.062677318,0.016751218,0.083756089,0.058027921,0.0118449,41.894,75.350298,6.333333333,1.833333334,0.615,0.921666667,1.614879647,2.532699187,3.910341541,2.875648611,-0.429846388,1.078154616,0.176091259,1.529537289,1.401617702,2.2955671,0.809559715,-2.1,2.664641976
Mexico_chinampa_1,0.358555068,0.349815807,0.417711264,0.229668512,0.270449272,0.243730755,0.255120558,0.232421329,0.11593669,0.184981388,0.041694925,0.132332432,0.132172126,0.255701605,0.097674799,0.013023307,0.047405551,0.072510702,0.062117213,0.045581573,0,0.109349253,0.042699766,0.073670947,0.029840144,19.29,-99.09,7.068888889,NA,0.092222222,0.445098444,2.569529962,2.799570274,3.647776222,3.194233663,2.192288303,0.556824948,-0.245821609,0.944071755,1.152183405,1.637934248,1.225883366,16.7,2.875639937
Mexico_chinampa_2,0.327464131,0.352394537,0.387547398,0.247151926,0.281439018,0.258761557,0.265167515,0.238161555,0.123575963,0.186379645,0.034273805,0.143084708,0.107606338,0.210083131,0.137705894,0.022437473,0.060760963,0.054960359,0.073280479,0.064771404,0.012954281,0.10915471,0.063462756,0.076638559,0,19.29,-99.09,7.498888889,5,0.147777778,0.620784044,2.338013562,3.13503012,3.627832222,3.346302978,1.966712071,0.56014584,-0.068881289,1.063881809,1.133698731,1.698970004,1.154998459,16.7,2.875639937
Mexico_fen,0.233767526,0.269239178,0.241310346,0.291985774,0.399047017,0.279577349,0.30302691,0.182267252,0.12639664,0.213749128,0.113316425,0.120655173,0.121579747,0.123710218,0.128156306,0.072289906,0.139052411,0.040526582,0.104758027,0.04652942,0.024438449,0.032329029,0.079659597,0.061096122,0.017280593,19.2862,-99.093,7.141111111,1,0.248888889,0.842500244,3.536773012,2.805296916,3.694917038,3.390972376,0.404339487,1.173276939,0.178337338,1.215843105,1.038339592,2.284054558,1.078778935,16.7,2.875061263
Montana_Bog_1,0.338217598,0.36643086,0.429769798,0.22697465,0.201186446,0.3416676,0.236237661,0.206864656,0.201186446,0.264351776,0.017738498,0.044426801,0.067440233,0.098182808,0.070752131,0.029294165,0.018527257,0.069528659,0.055838501,0.077505076,0,0.005348358,0.084226032,0.097010434,0.028300852,45.524884,-111.018086,4.782222222,NA,0.661111111,0.734677778,2.388667492,2.809417545,3.62386009,2.870495593,-0.773256928,1.549873432,0.343233484,1.820289054,1.475293532,2.09806659,1.097295881,4.1,2.627365857
Montana_bog_2,0.36174187,0.372453795,0.367046885,0.278963024,0.253779832,0.378875127,0.227772355,0.202668732,0.164610719,0.190654706,0.04224235,0.151981167,0.075827338,0.115399442,0.099897509,0.029869852,0.053925294,0.041452703,0.063753457,0.049114827,0.025707875,0.030417968,0.067283949,0.060563739,0.016259088,45.582581,-111.661221,6.243333333,NA,0.616666667,0.567922222,1.917517179,2.424845353,3.764614441,3.133655272,0.67105965,0.609404668,0.219497205,1.54687155,1.327667932,2.104373288,1.186893581,6.8,2.450249108
Morocco_bog_1,0.398267453,0.402987225,0.30818126,0.21927635,0.174556628,0.284670471,0.18997,0.217296388,0.267852576,0.189114917,0.038893391,0.064077209,0.126456933,0.060610972,0.115750435,0.053002757,0.060610972,0.055977151,0.050923402,0.079163645,0.025461701,0.025461701,0.036008283,0.083157567,0.025461701,35.2703,-6.0528,4.256666667,NA,0.09,0.8432629,1.069421409,1.844062773,2.45591024,2.061326797,-1.657577319,0.895017163,-0.585026652,0.753072124,1.338098776,2.276461804,1.301029996,17.9,2.851258349
Morocco_bog_2,0.484090316,0.409779443,0.264078348,0.240201935,0.211774609,0.251701282,0.180235536,0.248307402,0.218350103,0.117550763,0.044038551,0.085280287,0.122268127,0.067867965,0.088077101,0.058946989,0.040201513,0.097649135,0.046709937,0.077849894,0.012712835,0.061627752,0.043111319,0.053935989,0.090341663,35.1866,-5.3622,3.794444444,NA,0.177222222,0.889678656,0.804025787,2.081227254,2.381185301,2.006907956,-1.756961951,1.05940352,-0.168201299,1.019600878,1.179317836,2.301029996,1.187520721,15.1,2.897077003
Myanmar_drained_fen_1,0.357649788,0.337195454,0.349938207,0.291584952,0.328103582,0.300092339,0.209640339,0.230311618,0.12860429,0.16657852,0.050378207,0.192494857,0.101175361,0.15595561,0.11742914,0.061356712,0.070048054,0.037923336,0.077501704,0.047792963,0.063056666,0.087257614,0.088699986,0.062382244,0.021570659,20.64389675,96.891379,7.240833334,5,0.331666667,0.695,2.03531965,2.25999184,3.906690971,3.219881289,1.519499853,0.409228443,0.127374798,1.307204747,1.180654609,2.235528447,1.21240958,22.9,3.01745073
Myanmar_drained_fen_2,0.333220443,0.356817556,0.329845522,0.30183078,0.292416367,0.283832039,0.217255176,0.225827754,0.13500464,0.189143539,0.106609774,0.14336102,0.127604484,0.145299108,0.126678124,0.079749918,0.077312798,0.046043637,0.085453373,0.079379847,0.065790326,0.079565098,0.086990121,0.061151235,0.015347879,20.63281033,96.90526433,6.424444444,4.333333333,0.424444444,0.853333333,2.044666041,2.417693074,3.8405835,3.154173665,1.325333187,1.156515499,0.229027334,1.396251023,1.171787903,2.22444673,1.189084621,22.9,3.039810554
Myanmar_fen,0.307886497,0.329818297,0.203249948,0.323074456,0.304609328,0.311752862,0.265908012,0.253440455,0.155408411,0.217262047,0.151825634,0.124659599,0.143719416,0.104916686,0.110037549,0.126208224,0.098880027,0.051524292,0.072420682,0.067803057,0.058025885,0.067803057,0.105532038,0.03218697,0.025446034,20.6238465,96.911733,6.763333334,1,0.586666667,0.853333334,2.273522113,2.753965866,3.921498327,3.081857166,0.461648568,1.539598778,0.372912003,1.546604349,1.176489325,2.293362555,1.14561071,22.9,3.051731196
New_Zealand_drained_fen_1,0.500949668,0.409023692,0.440359342,0.204511846,0.137881858,0.268781223,0.087204144,0.174408288,0.163144015,0.151042008,0.087204144,0,0.174408288,0.137881858,0,0,0,0.061662642,0,0,0,0.061662642,0,0,0,-37.4333,175.55,4.236666667,5,0.563333333,0.24,2.092685563,2.433631179,3.49610823,2.625350184,1.391464412,1.640911874,0.272615061,1.491361694,1.218746633,2.177055287,1.30463412,15.2,3.105510185
New_Zealand_fen_1,0.44013325,0.488970854,0.150624065,0.150624065,0.059079619,0.200348736,0.273940924,0.150624065,0.213014596,0.150624065,0,0,0.083551199,0,0.059079619,0.059079619,0,0.182095616,0.041775599,0.110527847,0,0,0,0.059079619,0.09341308,-37.4333,175.55,3.61,2,0.83,0.796666667,1.683107103,2.80980653,2.792788444,2.696102904,0.089905111,1.252367514,-0.086186148,1.641143471,1.727329619,2.218360422,1.17801718,15.2,3.105510185
New_Zealand_fen_2,0.442479478,0.439619527,0.286816845,0.212063513,0.126112468,0.287389906,0.229931007,0.233481361,0.212837941,0.161909739,0.05639921,0.057363369,0.126546591,0.064560342,0.100998633,0.047993638,0.05340239,0.092495653,0.051307357,0.098246109,0.020946141,0.040562027,0.01813989,0.083784563,0.110836559,-46.5356,168.4334,4.251666667,3,0.61,0.805,2.243757141,2.843256663,3.342004636,2.745920166,1.139196687,1.866444878,0.196820744,1.532329641,1.336297978,2.24674471,1.159867847,10.7,3.047664195
Pantanal_pasture_1,0.352343928,0.293220573,0.381102416,0.268172393,0.409313039,0.170080216,0.120264874,0.254331697,0.188030754,0.083850678,0.12517565,0.061780206,0.232460246,0.126770309,0.110697413,0.056693405,0.063385154,0.11687645,0.078913881,0.049097929,0.040088291,0.040088291,0.040088291,0.086213131,0.047007689,-16.5054,-56.746,4.381666667,NA,0.011666667,0.7,-0.619788758,1.522509438,2.1775365,1.270989213,-1.582251592,0.142545884,-1.17609126,-0.245396871,0.929930839,2.25163822,1.397940009,26.5,3.107888025
Pantanal_pasture_2,0.357552086,0.325662418,0.355140479,0.3055613,0.350555981,0.21127361,0.134713812,0.201976884,0.178174161,0.138780162,0.184310271,0.062389322,0.215654644,0.111741212,0.081065596,0.098517984,0.091328615,0.064383092,0.060747209,0.033348495,0.065934714,0.033348495,0.049258992,0.043247974,0.025635192,-16.512,-56.7493,3.926666667,NA,0.033333333,0.9,0.330751877,1.78101297,2.198886085,1.456441952,-1.571325372,1.107023319,-0.69179142,0.31033922,1.002030999,2.33243846,1.380211242,26.5,3.108226656
Pantanal_pasture_3,0.335788507,0.258066071,0.259308573,0.364784356,0.366717701,0.202516947,0.137241306,0.197372819,0.224925347,0.176207585,0.170081583,0.105151448,0.147185824,0.129281894,0.119730133,0.143201107,0.102989513,0.039278659,0.098849124,0.051960782,0.090710178,0.039278659,0.075639045,0.029999571,0.017928173,-16.5398,-56.7234,3.741666667,NA,0.08,0.9,1.514481342,2.399228433,3.121107333,2.619362941,-1.373317532,1.764983921,-0.358195502,0.672097858,1.029754038,2.301029996,1.366422957,26.4,3.113943352
Pantanal_swamp_forest,0.384936051,0.374595915,0.41128093,0.287596939,0.27622424,0.219353858,0.15430335,0.223840086,0.187463752,0.111475031,0.156383219,0.063843182,0.133211496,0.105283431,0.07155273,0.102411523,0.069437402,0.14772019,0.055960022,0.045691166,0.047817461,0.017269638,0.047817461,0.044590012,0.04110996,-16.4833,-56.7463,3.962513889,7.010989011,0.29440531,0.776941015,1.605305944,2.440848912,3.119607067,2.472262002,0.605237238,1.390498828,-0.066390405,1.241568543,1.277106969,2.275067399,1.301042813,26.5,3.112939976
Quebec_drained_bog,0.423868777,0.412852868,0.403551737,0.196438999,0.250125333,0.288599299,0.174828414,0.172905655,0.154682397,0.145617482,0.072808741,0.095757466,0.089572908,0.176865319,0.140781659,0.057819063,0.039698948,0.058230592,0.089572908,0.079397897,0.011969683,0.062579049,0.057404584,0.102967109,0.027642799,45.1189,-74.2039,5.01,5,0.614444445,0.576666667,1.755366612,2.172310969,3.960495089,3.358157017,1.164881355,1.500861326,0.186893581,1.532895866,1.346334208,2.177376155,1.322449019,7.6,2.969881644
Romania_bog_1,0.647180022,0.425323646,0.274023035,0.201775341,0.023175733,0.063044811,0.188565606,0.211395214,0.16999049,0.077560839,0.03878042,0.010364503,0.14248836,0.031093509,0.042733941,0,0,0.086094029,0.010364503,0.131510801,0.017951846,0.048613829,0,0.053855538,0.09832631,47.2591,25.3574,2.546666667,1,0.776666667,0.906666667,2.189190762,2.794436923,2.814069934,2.46339025,0.140926842,1.059437188,0.010017121,1.633636754,1.625776946,2.277227081,0.255272505,5.9,2.751279104
Romania_bog_2,0.736789544,0.407209212,0.269871185,0.169674134,0.070047108,0.061988031,0.148293676,0.151253922,0.148890434,0.054908079,0.092583834,0.013317165,0.073345227,0.015377338,0.013317165,0.015377338,0,0.067467796,0,0.098762741,0.048015722,0.045486779,0,0.048627412,0.07765175,47.2591,25.3574,2.554444445,1,0.841111111,0.787777778,1.800640719,2.275981542,2.683722282,1.884864564,-0.897337658,0.799417138,0.008600172,1.650849868,1.643315608,2.257678575,1.096910013,5.9,2.751279104
Romania_bog_forest_1,0.476549301,0.372393401,0.355923035,0.270975727,0.159230702,0.180622535,0.177065625,0.199280786,0.198366649,0.124293715,0.036920735,0.103553722,0.143627512,0.061780206,0.103991583,0.052213804,0.053076901,0.062511358,0.070697825,0.075664991,0.044713231,0.048608406,0.042632393,0.089933131,0.063948589,47.2591,25.3574,3.573333333,3,0.75,0.956666667,2.208889037,2.801106303,3.176747031,2.676458875,0.916980047,1.81349203,0.31666913,1.618082978,1.30669717,2.267171728,0.40936947,5.9,2.751279104
Romania_bog_forest_2,0.719581158,0.372704602,0.316469561,0.186762317,0.061013036,0.106638404,0.170040641,0.161109108,0.189876365,0.068121139,0.058014048,0.073173841,0.097390742,0.024737273,0.031127053,0.015967841,0,0.07421182,0.01009895,0.100483279,0.04998725,0.053913637,0,0.049474546,0.03710591,47.2591,25.3574,2.887777778,2.666666667,0.716666667,0.773333333,1.813499444,2.457747367,2.467374578,1.993318639,-0.41894839,1.141589116,0.211298567,1.587785354,1.38219914,2.241933676,1.133538908,5.9,2.751279104
Siberia_bog,0.66990213,0.412281665,0.191146368,0.116201463,0.069033956,0.074565194,0.22191312,0.186944836,0.247304773,0.084548983,0.074565194,0.028182994,0.169097967,0,0,0,0.028182994,0.116201463,0,0.093472418,0.028182994,0,0,0.039856773,0,60.88,68.7,2.723333334,1.666666667,0.768888889,0.872222222,1.900148561,2.95752109,2.764254197,2.384946487,-0.575844608,-0.893544669,-0.192314671,1.629737971,1.827594167,2.284806584,1.252043535,-0.6,2.717670503
Siberia_bog_forest,0.418039809,0.375425214,0.287561583,0.131942303,0.018297105,0.240660847,0.258112434,0.163654285,0.217266088,0.161595659,0,0,0.139346603,0,0.057860528,0,0,0.235030574,0,0.098532928,0,0.025876015,0,0.114265386,0.156330537,60.88,68.7,2.585,3.25,0.806666667,0.906666667,2.075492215,2.847755119,2.767161434,2.377682574,-0.814363423,-0.373317534,-0.218244625,1.650226551,1.871347901,2.194745534,1.155589049,-0.6,2.717670503
Siberia_fen,0.409535609,0.362376171,0.301536403,0.246653129,0.324631542,0.280991311,0.125,0.137051978,0.180037673,0.172974602,0.100695718,0.097338246,0.128927656,0.191664739,0.170067258,0.070616585,0.124333329,0.048240312,0.108636374,0.072932496,0.127631868,0.012892766,0.0288291,0.094742091,0.031580697,60.91,68.75,4.073333334,1,0.348333334,0.935,1.558808535,2.31409204,3.411075094,2.701514738,-0.124167343,1.204721245,0.182319527,1.272035099,1.077418774,2.277227081,1.094587577,-0.6,2.713490543
Taiwan_fen,0.357299972,0.298890181,0.189463053,0.357785764,0.274347092,0.247380908,0.27297191,0.19856479,0.179901419,0.128229472,0.165660076,0.174510498,0.140303383,0.084730453,0.13653897,0.142960493,0.115396491,0.049312081,0.093191074,0.079440494,0.129800146,0.056429997,0.079440494,0.039537624,0.045654116,22.2011,120.8514,4.003333334,10,0.151666667,1.026027605,1.338489695,2.291442855,2.581418643,2.123432383,0,1.551677658,-0.263603498,0.916102862,1.175879243,2.301029996,1.346352974,23.3,3.361538971
Taiwan_recreation,0.307552224,0.204722596,0.167442065,0.368912887,0.34546157,0.208484401,0.203028311,0.190596434,0.194038972,0.200316388,0.240896426,0.14396315,0.123981167,0.062568328,0.118520917,0.19536954,0.149071198,0.030350097,0.091050291,0.070363805,0.154941629,0.043587008,0.086843184,0.05311267,0.026283955,22.2006,120.8509,3.876666667,10,0.155,0.937074632,1.601371813,2.079362164,2.425887294,1.993619903,0,1.84510838,-0.232844134,0.956328539,1.1890099,2.293362555,1.33243846,23.3,3.361538971
Tasmania_blanket_bog,0.5,0.431995044,0.237356332,0.132686223,0.102778306,0.059339083,0.244661307,0.187646656,0.22981928,0.059339083,0,0.059339083,0.102778306,0.059339083,0,0.059339083,0.059339083,0.187646656,0,0.102778306,0,0,0,0.059339083,0.059339083,-42.881,146.3799,2.861111111,6.333333333,0.507777778,0.841091822,1.015499467,2.260142969,2.579948648,2.735128514,-1.287724528,0.404681706,0.002885688,1.525951341,1.531180352,NA,1.206825876,10.2,3.177824972
Tasmania_drained_fen_1,0.41081108,0.332913253,0.506879623,0.22445007,0.158710166,0.245872732,0.158710166,0.235405219,0.173858276,0.070977344,0,0,0.20693274,0.086929138,0.086929138,0,0.050188561,0.100377123,0.050188561,0.050188561,0,0,0,0.070977344,0,-40.866502,145.0653902,4.166666667,5,0.416666667,0.166666667,1.199846559,2.079410396,3.36995946,2.593839661,1.040338572,0.818005831,0.279514853,1.31868927,1.039174416,2.029383778,1.216605694,13.2,3.005180513
Tasmania_drained_fen_2,0.358115559,0.329797262,0.534522484,0.227921153,0.205445351,0.264206727,0.213200716,0.184637236,0.170940865,0.16612466,0,0.106600358,0.180187493,0.080582296,0.040291148,0,0,0.056980288,0,0,0,0.069786316,0.040291148,0.056980288,0,-40.9231,144.8703,5.765,5,0.535,0.22,1.60943432,2.519447327,3.830958976,2.659202877,2.173535895,1.129528774,0.408239965,1.469674773,1.061434807,2.008600172,1.230448921,13.1,2.990338855
Tasmania_fen,0.304277036,0.310661166,0.256007429,0.354285187,0.260860082,0.376808616,0.257494005,0.184751299,0.192837957,0.204635485,0.073099326,0.13373259,0.121782472,0.153120931,0.09684218,0.07384147,0.110021312,0.052213804,0.065215021,0.07384147,0.055257896,0.033022909,0.08419223,0.031328283,0.036174785,-40.9234,144.8726,5.38,5,0.156666667,0.930377467,2.242425468,1.812824261,3.29558689,2.547528576,0.78012521,0.413076132,-0.209949526,0.976655605,1.186605131,2.26245109,1.278753601,13.1,2.990338855
Tasmania_raised_bog,0.559322548,0.388527297,0.339826521,0.172445059,0.089448683,0.196651527,0.250881896,0.167741125,0.168138146,0.134669044,0.038299638,0.051643221,0.10198719,0.050335585,0.066336918,0.048993061,0.030552542,0.204627099,0.02582161,0.057738876,0.038299638,0.032662041,0.01633102,0.07394184,0.070242375,-42.175597,146.578327,3.656666667,2,0.708333334,0.875,0.833678229,2.514656202,3.181014685,2.828799484,1.091432457,1.814180981,0.248382014,1.591806357,1.340099351,2.152288344,1.132473154,8.2,3.072065991
Tierra_del_Fuego_bog,0.549581446,0.390841685,0.296907251,0.204038753,0.046773512,0.190333274,0.208252617,0.182392002,0.268213987,0.153462074,0.128595888,0.030014046,0.093202466,0.040107955,0.093547024,0.030014046,0.026604608,0.107919471,0.024064773,0.156369597,0.027787607,0.112015424,0.008021591,0.067113446,0.082587335,-54.74044,-67.87811,2.97,1,0.787333333,0.914666667,2.002574956,2.541481059,3.194608683,2.929621209,0.531649195,1.242011073,-0.040958608,1.608361983,1.691747285,2.246498581,0.815577748,5.3,2.615950052
Tierra_del_Fuego_fen,0.375103232,0.361202951,0.35820785,0.305801126,0.279285572,0.297949612,0.272846409,0.202601057,0.192512281,0.17827491,0.051897833,0.100096915,0.066461654,0.100096915,0.121932299,0.048684483,0.09166985,0.025424642,0.102752467,0.087459782,0.049778652,0.010379567,0.055895677,0.101167501,0.010379567,-54.74044,-67.87811,5.250666667,1,0.770666667,0.87,2.020247998,2.440568016,3.624724074,2.7297467,0.33243846,1.183326797,0.473535628,1.643741014,1.171500248,2.27600199,0.850033258,5.3,2.615950052
Uganda_drained_fen_1,0.415030119,0.399843719,0.27202941,0.309030743,0.282400425,0.195576072,0.156923548,0.236114379,0.183711731,0.170660482,0.092195445,0.176776695,0.089442719,0.164696691,0.105475116,0.112361025,0.107238053,0.03354102,0.076648549,0.08660254,0.141421356,0.061237244,0.085146932,0.065192024,0.015811388,-1.342,30.0253,5.126666667,4.333333333,0.693333333,0.663333333,1.94751541,2.285309713,3.573428628,3.674148362,2.15909575,0.716559775,0.404833717,1.584243251,1.179409534,2.22184875,1.28254659,18.3,2.948412966
Uganda_drained_fen_2,0.421401319,0.371839823,0.283161285,0.307675964,0.257606712,0.250774738,0.184373254,0.226300557,0.187945942,0.170634607,0.070364954,0.178673802,0.130087853,0.171498585,0.112413135,0.091381488,0.089749545,0.036471637,0.056370675,0.078317362,0.109414911,0.066587795,0.092586571,0.072434953,0.017192895,-1.2308475,29.960741,4.564166667,4.583333334,0.630833334,0.67,1.726394367,2.227196596,3.417204502,3.342296158,1.709602058,1.289161433,0.431095598,1.544956405,1.116658817,2.203214259,1.239924813,17.9,2.980684974
Uganda_fen,0.378317107,0.35022538,0.256020638,0.257233055,0.301073238,0.287805584,0.188884212,0.171421492,0.197998699,0.212158923,0.11491785,0.136884871,0.180651597,0.134077987,0.109368904,0.1517375,0.169800449,0.047766979,0.069070938,0.069569651,0.102178443,0.06652131,0.036244959,0.058797087,0.029980749,-1.342,30.0253,3.923333334,4.666666667,0.33,0.755,1.71213037,2.188403453,3.11588775,2.632248025,0.751920318,1.436957331,0.151267675,1.270096281,1.117127237,2.237208505,1.220108088,18.3,2.948412966
Uganda_rice_paddy,0.369410321,0.288864102,0.329582893,0.344188692,0.333420631,0.311188314,0.165273252,0.162188033,0.193147336,0.179178042,0.059934482,0.139891713,0.144107849,0.148456354,0.14617032,0.06177905,0.07185892,0.052263991,0.090109589,0.037208487,0.057382898,0.036702225,0.065025001,0.058990573,0.025952392,0.933862667,34.028472,4.721666667,10,0.09,0.923333333,2.16327073,2.3525266,3.33415876,2.588499535,-1.112570259,1.726322331,-0.547702329,0.521356048,1.077320318,2.307139328,1.385010125,22.6,3.104487111
Wales_blanket_bog,0.573670112,0.340878428,0.244710782,0.231364351,0.132597266,0.173789536,0.190285436,0.188908202,0.299272335,0.106372793,0.156391104,0.156391104,0.094684196,0.037318044,0.117270136,0.088014432,0.101772951,0.069189506,0.045705083,0.102624622,0.077496739,0.119111224,0,0.062584263,0.024683566,52.9997,-3.8036,2.953333334,1.333333334,0.815,0.928333334,2.142613648,2.544677697,2.752688528,2.712573946,-0.023038984,0.704436519,0.208172527,1.640315771,1.434452574,2.298853076,0.963787827,7.6,3.174350597
Wales_drained_bog,0.610356396,0.389789851,0.276707185,0.253675575,0.055081141,0.115470054,0.229030762,0.197993931,0.263099899,0.094139659,0.12348887,0.091994966,0.110524065,0.034606427,0.077382323,0.055081141,0.017870682,0.101091844,0.021887026,0.095820857,0.048940878,0.072039022,0,0.052101544,0.038948249,52.9692,-3.8167,2.836666667,2.666666667,0.835,0.87,2.273784226,2.624192683,2.583293258,2.713887974,-0.169625217,0.269901923,0.211298567,1.662429889,1.451345925,2.275311355,0.964573881,7.6,3.176380692
Wales_fen,0.532516128,0.3520671,0.224484118,0.299772133,0.158318162,0.230285697,0.166917125,0.215978274,0.259686493,0.121117342,0.138590872,0.145464199,0.084088447,0.048729302,0.13394404,0.13275692,0.1173557,0.101438131,0.054359812,0.07549111,0.091884853,0.062488456,0.029950798,0.050327407,0.051876303,53.0001,-3.775,3.888333334,2.666666667,0.815,0.885,2.143592434,2.552810119,3.468192198,2.471257475,-0.585026652,1.223149683,0.279514854,1.658315819,1.378792399,2.260071388,1.012837225,7.9,3.111934276
